1,  Aeronautics
2,  Agriculture and Forestry
3,  Alcoholic Beverages
4,  Animals and Animal Husbandry
5,  Businesses and Professions
6,  Commercial Law – General Regulatory Provisions
6A,  Uniform Commercial Code
7,"  Corporations, Associations and Partnerships"
8,  Courts and Civil Procedure–Courts
9,  COURTS and CIVIL PROCEDURE–PROCEDURE GENERALLY
10,  Courts and civil procedure–Procedure in particular actions
11,  Criminal Offenses
12,  Criminal Procedure
13,  Criminals – Correctional Institutions
14,  Delinquent and Dependent Children
15,  Domestic Relations
16,  Education
17,  Elections
18,  Fiduciaries
19,  Financial institutions
20,  Fish and Wildlife
21,  Food And Drugs
22,  General Assembly
23,  Health and Safety
24,  Highways
25,  Holidays and Days of Special Observance
26,  Insane and Mentally Deficient Persons
27,  Insurance
28,  Labor and Labor Relations
29,  Libraries
30,  Military Affairs and Defense
31,  Motor and Other vehicles
32,  Parks and Recreational Areas
33,  Probate practice and procedure
34,  Property
35,  Public Finance
36,  Public Officers and Employees
37,  Public Property and Works
38,  Public Records
39,  Public Utilities and Carriers
40,  Human services
40.1,"  Behavioral Healthcare, Developmental Disabilities and Hospitals"
41,"  Sports, Racing, and Athletics"
42,  State Affairs and Government
43,  Statutes and Statutory Construction
44,  Taxation
45,  Towns and cities
46,  Waters and Navigation
47,  Weights and measures
